feature,feature_count,samples,mean_runtime_sec,total_runtime_sec,mean_flops,total_profiled_flops,flops_profiled_samples
arniqa,1,120,0.04569733059809854,5.483679671771824,68773748911.8,8252849869416.0,120
musiq,1,120,0.05605009258724749,6.726011110469699,42344799721.825,5081375966619.0,120
paq2piq,1,120,0.01005734404704223,1.2068812856450677,24345558568.533333,2921467028224.0,120
qalign,1,120,0.6241591567794482,74.89909881353378,1978032038182.0,237363844581840.0,120
unique,1,120,0.017195080469051997,2.0634096562862396,49359807426.13333,5923176891136.0,120
