model,plcc,srcc
catboost,0.9457466198778804,0.9469565217391304
randomforest,0.8835731657852437,0.9182608695652172
mean,0.8805585920795697,0.8837681159420289
xgb,0.8123559905755852,0.786086956521739
